card_no,adv_tag
ARC-001,"[""移动·单位"", ""牌库·回收"", ""战力·增强单体"", ""战力·增强本回合"", ""主动·支付费用技能"", ""主动·可重复""]"
ARC-002,"[""主动·横置技能"", ""伤害·单体"", ""伤害·等同战力""]"
ARC-003,"[""持续·光环常驻"", ""复制·效果技能""]"
ARC-004,"[""状态·以活跃进场"", ""触发·进攻"", ""摧毁·单位""]"
ARC-005,"[""触发·弃置"", ""状态·激活"", ""战力·增强单体"", ""战力·增强本回合""]"
ARC-006,"[""持续·光环常驻"", ""触发·摧毁"", ""衍生·单位""]"
FND-196,"[""触发·进场"", ""战力·增强单体"", ""战力·增强本回合""]"
FND-249,"[""触发·打出"", ""状态·休眠化"", ""符文·召出""]"
FND-251,"[""触发·回合开始"", ""牌库·抽牌""]"
FND-259,"[""主动·横置技能"", ""主动·支付费用技能"", ""移动·单位"", ""互动·召回基地""]"
FND-265,"[""主动·横置技能"", ""主动·支付费用技能"", ""衍生·单位""]"
OGN-001,"[""状态·以活跃进场"", ""费用·可选额外""]"
OGN-002,"[""触发·进场"", ""费用·可选额外"", ""牌库·弃牌"", ""费用·减费""]"
OGN-003,"[""触发·进场"", ""牌库·弃牌""]"
OGN-004,"[""战力·增强单体"", ""战力·增强本回合""]"
OGN-005,"[""伤害·单体"", ""牌库·抽牌""]"
OGN-006,"[""触发·弃置"", ""费用·可选额外"", ""费用·免费打出""]"
OGN-008,"[""牌库·弃牌"", ""伤害·单体""]"
OGN-009,"[""伤害·单体""]"
OGN-010,"[""状态·以活跃进场"", ""费用·可选额外""]"
OGN-011,"[""持续·光环常驻"", ""状态·以活跃进场""]"
OGN-012,"[""触发·打出"", ""费用·减费""]"
OGN-013,"[""状态·免疫""]"
OGN-014,"[""费用·条件减费"", ""伤害·单体""]"
OGN-015,"[""持续·光环常驻"", ""战力·条件加成""]"
OGN-016,"[""触发·进场"", ""触发·打出"", ""战力·增强单体"", ""战力·增强本回合""]"
OGN-017,"[""状态·以休眠进场"", ""主动·横置技能"", ""伤害·单体""]"
OGN-018,"[""持续·光环常驻"", ""限制·行动禁止""]"
OGN-019,"[""战力·条件加成"", ""移动·单位""]"
OGN-020,"[""触发·进场"", ""触发·打出"", ""牌库·弃牌"", ""牌库·抽牌""]"
OGN-021,"[""主动·横置技能"", ""触发·打出"", ""状态·以活跃进场""]"
OGN-022,"[""摧毁·装备"", ""摧毁·全体清场""]"
OGN-023,"[""牌库·弃牌"", ""主动·横置技能"", ""保护·免死替身"", ""状态·休眠化"", ""互动·召回基地""]"
OGN-024,"[""伤害·单体"", ""牌库·抽牌""]"
OGN-025,"[""牌库·查看"", ""牌库·放逐"", ""费用·免费打出"", ""牌库·放回""]"
OGN-026,"[""触发·进场"", ""限制·行动禁止""]"
OGN-027,"[""触发·打出"", ""战力·增强单体"", ""战力·增强本回合"", ""状态·激活""]"
OGN-028,"[""持续·光环常驻"", ""战力·永久成长""]"
OGN-029,"[""伤害·单体""]"
OGN-030,"[""触发·进场"", ""牌库·弃牌""]"
OGN-031,"[""触发·进场"", ""费用·减费""]"
OGN-032,"[""主动·横置技能"", ""伤害·法术伤害加成""]"
OGN-033,"[""伤害·单体"", ""牌库·抽牌""]"
OGN-034,"[""触发·征服"", ""伤害·过量伤害联动""]"
OGN-035,"[""状态·以活跃进场"", ""触发·征服"", ""互动·返回手牌"", ""费用·可选额外""]"
OGN-036,"[""移动·单位"", ""牌库·回收"", ""战力·增强单体"", ""战力·增强本回合"", ""主动·支付费用技能"", ""主动·可重复""]"
OGN-037,"[""触发·摧毁"", ""牌库·打出"", ""费用·可选额外""]"
OGN-038,"[""触发·进场"", ""牌库·抽牌""]"
OGN-039,"[""触发·征服"", ""牌库·抽牌""]"
OGN-040,"[""主动·横置技能"", ""资源·获得费用""]"
OGN-041,"[""触发·进攻"", ""伤害·群体""]"
OGN-043,"[""移动·敌方""]"
OGN-044,"[""费用·可选额外"", ""触发·进场"", ""牌库·抽牌""]"
OGN-045,"[""反制·无效化法术""]"
OGN-046,"[""战力·增强单体"", ""战力·增强本回合""]"
OGN-047,"[""费用·条件减费"", ""牌库·抽牌"", ""符文·召出""]"
OGN-048,"[""费用·可选额外"", ""状态·休眠化"", ""牌库·抽牌""]"
OGN-050,"[""状态·眩晕""]"
OGN-051,"[""触发·进场"", ""状态·眩晕""]"
OGN-052,[]
OGN-053,"[""增益·给予"", ""增益·数量联动"", ""战力·增强本回合""]"
OGN-054,[]
OGN-055,"[""战力·条件加成""]"
OGN-056,"[""触发·征服"", ""摧毁·装备"", ""增益·给予""]"
OGN-057,"[""战力·增强单体"", ""战力·增强本回合""]"
OGN-058,"[""战力·增强单体"", ""战力·增强本回合"", ""牌库·抽牌""]"
OGN-059,"[""状态·激活"", ""战力·增强单体"", ""战力·增强本回合""]"
OGN-060,"[""触发·进攻"", ""触发·防守"", ""战力·增强单体"", ""战力·增强本回合""]"
OGN-061,"[""触发·进场"", ""特性·属性联动"", ""增益·给予"", ""牌库·抽牌""]"
OGN-062,"[""牌库·查看"", ""牌库·放逐"", ""费用·减费"", ""牌库·放回""]"
OGN-063,"[""触发·进场"", ""增益·给予"", ""持续·光环常驻""]"
OGN-064,"[""反制·无效化法术""]"
OGN-065,"[""增益·数量联动"", ""战力·条件加成""]"
OGN-066,"[""触发·据守""]"
OGN-067,"[""触发·进场"", ""移动·敌方"", ""触发·据守"", ""互动·返回手牌""]"
OGN-068,"[""主动·横置技能"", ""伤害·单体"", ""伤害·等同战力""]"
OGN-069,"[""战力·调整"", ""战力·增强本回合""]"
OGN-070,"[""持续·光环常驻"", ""限制·行动禁止""]"
OGN-071,"[""牌库·抽牌"", ""符文·召出""]"
OGN-072,"[""触发·摧毁"", ""状态·休眠化"", ""牌库·抽牌""]"
OGN-073,"[""触发·回合结束"", ""符文·激活""]"
OGN-074,"[""持续·光环常驻""]"
OGN-075,"[""触发·摧毁"", ""符文·召出"", ""牌库·抽牌""]"
OGN-076,"[""触发·进攻"", ""伤害·单体"", ""伤害·等同战力""]"
OGN-077,"[""触发·摧毁"", ""保护·免死替身"", ""状态·休眠化"", ""互动·召回基地""]"
OGN-078,"[""主动·横置技能"", ""增益·给予"", ""持续·光环常驻""]"
OGN-079,"[""状态·以活跃进场"", ""战力·削弱"", ""持续·光环常驻""]"
OGN-080,"[""反制·无效化法术"", ""互动·夺控""]"
OGN-081,"[""主动·横置技能"", ""资源·获得费用""]"
OGN-082,"[""触发·进场"", ""战力·增强单体"", ""战力·增强本回合""]"
OGN-083,"[""牌库·抽牌""]"
OGN-084,"[""持续·光环常驻"", ""费用·减费""]"
OGN-085,"[""伤害·单体""]"
OGN-086,"[""牌库·查看"", ""牌库·放回""]"
OGN-087,"[""触发·进场"", ""牌库·抽牌""]"
OGN-090,"[""主动·横置技能"", ""战力·削弱""]"
OGN-091,"[""触发·打出"", ""状态·激活""]"
OGN-092,"[""触发·进场"", ""伤害·单体""]"
OGN-093,"[""战力·削弱""]"
OGN-094,"[""衍生·单位"", ""状态·以活跃进场""]"
OGN-095,"[""战力·削弱"", ""牌库·抽牌""]"
OGN-096,"[""触发·摧毁"", ""牌库·抽牌""]"
OGN-097,"[""触发·进场"", ""战力·削弱""]"
OGN-098,"[""主动·横置技能"", ""资源·获得费用""]"
OGN-099,"[""牌库·回收"", ""主动·横置技能"", ""主动·支付费用技能"", ""牌库·抽牌""]"
OGN-100,"[""持续·光环常驻"", ""牌库·查看"", ""牌库·放回""]"
OGN-101,"[""触发·回合开始"", ""牌库·抽牌""]"
OGN-102,"[""牌库·放逐"", ""互动·召回基地"", ""费用·免费打出""]"
OGN-103,"[""触发·打出"", ""战力·增强单体"", ""战力·增强本回合""]"
OGN-104,"[""互动·返回手牌"", ""符文·召出""]"
OGN-105,"[""伤害·群体""]"
OGN-106,"[""触发·进场"", ""衍生·单位"", ""状态·以活跃进场""]"
OGN-107,"[""触发·进攻"", ""费用·可选额外"", ""费用·免费打出""]"
OGN-108,"[""战力·调整"", ""战力·增强本回合""]"
OGN-109,"[""战力·永久成长"", ""触发·回合开始"", ""牌库·回收""]"
OGN-110,"[""触发·摧毁"", ""牌库·回收"", ""符文·激活""]"
OGN-111,"[""持续·光环常驻"", ""复制·效果技能""]"
OGN-112,"[""触发·征服"", ""牌库·打出"", ""费用·免费打出"", ""牌库·回收""]"
OGN-113,"[""费用·强制额外"", ""主动·横置技能"", ""资源·获得费用""]"
OGN-114,"[""牌库·抽牌""]"
OGN-115,"[""牌库·查看"", ""牌库·放逐"", ""牌库·放回"", ""费用·免费打出""]"
OGN-116,"[""触发·进场"", ""战力·削弱""]"
OGN-117,"[""触发·打出"", ""衍生·单位""]"
OGN-118,"[""触发·摧毁"", ""牌库·抽牌"", ""频率·每回合限一次""]"
OGN-119,"[""触发·进攻"", ""触发·防守"", ""战力·削弱""]"
OGN-120,"[""主动·横置技能"", ""资源·获得费用""]"
OGN-121,"[""触发·防守"", ""牌库·查看"", ""伤害·单体"", ""牌库·放回""]"
OGN-122,"[""牌库·放逐""]"
OGN-123,"[""状态·休眠化"", ""伤害·全场无差别""]"
OGN-124,"[""主动·横置技能"", ""增益·给予""]"
OGN-125,"[""增益·数量联动"", ""移动·单位""]"
OGN-127,"[""伤害·群体""]"
OGN-128,"[""伤害·等同战力""]"
OGN-129,"[""状态·以活跃进场"", ""牌库·抽牌""]"
OGN-130,"[""触发·进攻"", ""伤害·单体""]"
OGN-131,"[""触发·进攻"", ""战力·条件加成"", ""战力·增强本回合""]"
OGN-132,"[""触发·进场"", ""状态·激活""]"
OGN-133,"[""伤害·全场无差别""]"
OGN-134,"[""符文·召出"", ""牌库·抽牌""]"
OGN-135,[]
OGN-136,"[""触发·进场"", ""增益·给予""]"
OGN-137,"[""触发·进场"", ""符文·召出""]"
OGN-138,"[""符文·召出"", ""牌库·抽牌""]"
OGN-139,"[""触发·打出"", ""增益·给予""]"
OGN-140,"[""持续·光环常驻"", ""费用·减费"", ""特性·属性联动""]"
OGN-141,"[""触发·进场"", ""增益·给予""]"
OGN-143,"[""状态·激活"", ""战力·增强单体"", ""战力·增强本回合""]"
OGN-144,"[""费用·条件减费"", ""牌库·抽牌""]"
OGN-145,"[""反制·无效化技能"", ""保护·抵挡伤害""]"
OGN-146,"[""费用·可选额外"", ""增益·消耗"", ""费用·免费打出"", ""状态·激活""]"
OGN-147,"[""触发·进场"", ""增益·消耗"", ""增益·给予"", ""状态·激活""]"
OGN-148,"[""触发·进攻"", ""伤害·群体""]"
OGN-149,"[""触发·进场"", ""伤害·等同战力""]"
OGN-150,"[""触发·进场"", ""增益·消耗"", ""费用·可选额外"", ""费用·减费"", ""增益·数量联动""]"
OGN-151,"[""持续·光环常驻"", ""战力·增强群体"", ""增益·数量联动""]"
OGN-152,"[""增益·给予"", ""费用·可选额外"", ""状态·休眠化"", ""状态·激活""]"
OGN-153,"[""增益·消耗"", ""状态·激活"", ""增益·给予""]"
OGN-154,"[""战力·增强单体"", ""战力·增强本回合""]"
OGN-155,"[""触发·征服"", ""牌库·抽牌"", ""符文·召出""]"
OGN-156,"[""干扰·展示手牌"", ""干扰·弃对手手牌""]"
OGN-157,"[""增益·消耗"", ""伤害·单体"", ""状态·眩晕"", ""状态·激活"", ""移动·单位""]"
OGN-158,"[""触发·移动"", ""牌库·抽牌""]"
OGN-159,"[""状态·以活跃进场"", ""触发·进攻"", ""摧毁·单位""]"
OGN-160,"[""触发·回合结束"", ""牌库·查看"", ""牌库·放逐"", ""费用·免费打出"", ""牌库·放回""]"
OGN-161,[]
OGN-162,"[""触发·移动"", ""状态·激活"", ""频率·每回合限一次""]"
OGN-163,"[""主动·横置技能"", ""资源·获得费用""]"
OGN-164,"[""触发·进场"", ""触发·征服"", ""增益·给予"", ""增益·消耗"", ""战力·增强单体"", ""战力·增强本回合""]"
OGN-165,"[""触发·进场"", ""牌库·回收""]"
OGN-167,"[""触发·打出"", ""战力·增强单体"", ""战力·增强本回合""]"
OGN-168,"[""移动·单位"", ""互动·召回基地""]"
OGN-169,"[""互动·返回手牌""]"
OGN-170,"[""牌库·回收""]"
OGN-171,"[""牌库·查看"", ""牌库·放回""]"
OGN-172,"[""互动·返回手牌""]"
OGN-173,"[""移动·单位"", ""状态·激活""]"
OGN-174,"[""牌库·查看"", ""牌库·放回"", ""位置·开放战场""]"
OGN-176,"[""位置·开放战场""]"
OGN-177,"[""触发·移动"", ""移动·单位""]"
OGN-178,"[""触发·摧毁"", ""牌库·弃牌"", ""牌库·抽牌""]"
OGN-179,"[""摧毁·装备""]"
OGN-180,[]
OGN-181,"[""主动·横置技能"", ""互动·返回手牌""]"
OGN-182,"[""触发·进场"", ""触发·弃置"", ""触发·摧毁"", ""牌库·抽牌""]"
OGN-183,"[""牌库·查看"", ""牌库·抽牌"", ""牌库·放回""]"
OGN-184,"[""主动·横置技能"", ""主动·支付费用技能"", ""移动·单位"", ""互动·召回基地""]"
OGN-185,"[""触发·移动"", ""牌库·弃牌"", ""牌库·抽牌""]"
OGN-186,"[""触发·离场"", ""牌库·抽牌"", ""符文·召出"", ""主动·横置技能"", ""主动·支付费用技能"", ""摧毁·装备""]"
OGN-187,"[""互动·返回手牌""]"
OGN-188,"[""触发·进场"", ""互动·返回手牌""]"
OGN-189,"[""触发·移动"", ""保护·抵挡伤害""]"
OGN-190,"[""触发·摧毁"", ""伤害·群体""]"
OGN-191,"[""触发·进场"", ""移动·单位"", ""互动·召回基地""]"
OGN-192,"[""触发·进场"", ""干扰·展示手牌"", ""干扰·弃对手手牌""]"
OGN-193,"[""位置·开放战场"", ""持续·光环常驻""]"
OGN-194,"[""牌库·查看"", ""牌库·放逐"", ""费用·可选额外"", ""牌库·打出""]"
OGN-195,"[""费用·条件减费""]"
OGN-196,"[""触发·进场"", ""牌库·打出"", ""费用·免费打出""]"
OGN-197,"[""触发·进场"", ""战力·增强单体"", ""战力·增强本回合""]"
OGN-198,"[""牌库·打出"", ""费用·免费打出""]"
OGN-199,"[""触发·进场"", ""移动·单位"", ""移动·换位""]"
OGN-200,"[""触发·进攻"", ""牌库·查看"", ""牌库·放回"", ""伤害·单体"", ""牌库·抽牌"", ""状态·眩晕""]"
OGN-201,"[""牌库·弃牌"", ""牌库·抽牌""]"
OGN-202,"[""触发·弃置"", ""状态·激活"", ""战力·增强单体"", ""战力·增强本回合""]"
OGN-203,"[""互动·夺控"", ""互动·召回基地""]"
OGN-204,"[""主动·横置技能"", ""资源·获得费用""]"
OGN-205,"[""触发·移动""]"
OGN-206,"[""战力·增强单体"", ""战力·增强本回合""]"
OGN-207,"[""费用·可选额外"", ""增益·消耗"", ""费用·免费打出"", ""战力·增强单体"", ""战力·增强本回合""]"
OGN-208,"[""费用·强制额外"", ""摧毁·单位""]"
OGN-209,"[""摧毁·单位""]"
OGN-210,[]
OGN-211,"[""触发·进场"", ""衍生·单位""]"
OGN-212,"[""触发·进场"", ""衍生·单位"", ""摧毁·装备"", ""牌库·回收""]"
OGN-213,"[""摧毁·单位"", ""牌库·抽牌""]"
OGN-215,[]
OGN-216,"[""触发·摧毁"", ""符文·召出""]"
OGN-217,"[""触发·进场"", ""触发·打出"", ""增益·给予""]"
OGN-218,"[""触发·进场"", ""触发·打出"", ""衍生·单位""]"
OGN-220,"[""状态·眩晕""]"
OGN-221,"[""触发·摧毁"", ""摧毁·单位""]"
OGN-222,"[""触发·移动"", ""衍生·单位""]"
OGN-223,"[""触发·进场"", ""增益·给予""]"
OGN-224,"[""摧毁·装备"", ""牌库·抽牌""]"
OGN-225,"[""触发·进场"", ""状态·眩晕"", ""摧毁·单位""]"
OGN-226,"[""触发·进场"", ""牌库·打出"", ""费用·免费打出""]"
OGN-227,"[""触发·战斗"", ""互动·召回基地""]"
OGN-228,"[""触发·摧毁"", ""增益·给予"", ""增益·数量联动""]"
OGN-229,"[""摧毁·单位""]"
OGN-230,"[""触发·进场"", ""增益·消耗"", ""符文·召出"", ""增益·数量联动""]"
OGN-231,"[""触发·进场"", ""费用·可选额外"", ""摧毁·单位"", ""费用·减费""]"
OGN-232,"[""战力·条件加成"", ""移动·单位""]"
OGN-233,"[""战力·增强群体"", ""战力·增强本回合""]"
OGN-234,"[""触发·进场"", ""摧毁·单位""]"
OGN-235,"[""牌库·查看"", ""牌库·放回"", ""增益·给予""]"
OGN-236,"[""触发·摧毁"", ""持续·光环常驻""]"
OGN-237,"[""摧毁·单位""]"
OGN-238,"[""触发·进攻"", ""状态·眩晕""]"
OGN-239,"[""触发·摧毁"", ""衍生·单位""]"
OGN-240,"[""增益·数量联动"", ""战力·条件加成""]"
OGN-241,[]
OGN-242,"[""主动·横置技能"", ""主动·支付费用技能"", ""摧毁·单位"", ""牌库·查看"", ""牌库·放逐"", ""费用·免费打出"", ""牌库·放回""]"
OGN-243,"[""触发·进场"", ""触发·打出"", ""状态·激活"", ""持续·光环常驻"", ""战力·增强群体""]"
OGN-244,"[""互动·返回手牌"", ""牌库·弃牌""]"
OGN-245,"[""主动·横置技能"", ""资源·获得费用""]"
OGN-246,"[""持续·光环常驻"", ""触发·摧毁"", ""衍生·单位""]"
OGN-247,"[""主动·横置技能"", ""资源·获得费用""]"
OGN-248,"[""伤害·单体""]"
OGN-249,"[""触发·打出"", ""状态·休眠化"", ""符文·召出""]"
OGN-250,"[""伤害·群体"", ""伤害·等同战力"", ""移动·单位""]"
OGN-251,"[""触发·回合开始"", ""牌库·抽牌""]"
OGN-252,"[""伤害·单体"", ""触发·征服"", ""牌库·弃牌"", ""牌库·回收""]"
OGN-253,"[""主动·横置技能"", ""资源·获得费用"", ""触发·打出""]"
OGN-254,"[""摧毁·单位"", ""触发·打出""]"
OGN-255,"[""触发·进攻"", ""战力·削弱""]"
OGN-256,"[""摧毁·单位""]"
OGN-257,"[""主动·横置技能"", ""主动·支付费用技能"", ""增益·给予""]"
OGN-258,"[""移动·敌方"", ""伤害·等同战力""]"
OGN-259,"[""主动·横置技能"", ""主动·支付费用技能"", ""移动·单位"", ""互动·召回基地""]"
OGN-260,"[""状态·激活"", ""伤害·单体"", ""伤害·等同战力""]"
OGN-261,"[""状态·眩晕"", ""增益·给予""]"
OGN-262,"[""状态·眩晕"", ""移动·单位""]"
OGN-263,"[""费用·减费"", ""主动·横置技能"", ""主动·支付费用技能"", ""互动·返回手牌""]"
OGN-264,"[""牌库·回收"", ""费用·免费打出""]"
OGN-265,"[""主动·横置技能"", ""主动·支付费用技能"", ""衍生·单位""]"
OGN-266,"[""战力·增强群体"", ""战力·增强本回合"", ""战力·削弱""]"
OGN-267,"[""主动·横置技能"", ""移动·单位""]"
OGN-268,"[""费用·可选额外"", ""伤害·群体"", ""伤害·等同战力""]"
OGN-269,"[""触发·摧毁"", ""费用·可选额外"", ""保护·免死替身"", ""增益·消耗"", ""状态·休眠化"", ""互动·召回基地"", ""触发·征服"", ""状态·激活""]"
OGN-270,"[""增益·给予"", ""移动·单位""]"
OGN-274,[]
OGN-275,"[""触发·据守"", ""衍生·单位""]"
OGN-276,"[""持续·光环常驻""]"
OGN-277,"[""触发·移动"", ""战力·增强单体"", ""战力·增强本回合""]"
OGN-278,"[""持续·光环常驻""]"
OGN-279,"[""触发·防守"", ""战力·增强单体"", ""战力·增强本回合""]"
OGN-280,"[""触发·据守"", ""牌库·抽牌""]"
OGN-281,"[""触发·据守"", ""牌库·回收""]"
OGN-282,"[""触发·征服"", ""增益·消耗"", ""牌库·抽牌""]"
OGN-283,"[""触发·据守"", ""增益·给予""]"
OGN-284,"[""触发·回合开始"", ""符文·召出""]"
OGN-285,"[""触发·防守"", ""移动·单位"", ""互动·召回基地""]"
OGN-286,"[""触发·据守"", ""触发·征服""]"
OGN-287,"[""触发·征服""]"
OGN-288,"[""触发·据守"", ""符文·召出""]"
OGN-289,"[""触发·征服"", ""符文·激活""]"
OGN-290,"[""触发·回合开始""]"
OGN-291,"[""触发·征服"", ""牌库·查看"", ""牌库·放回""]"
OGN-292,"[""触发·被选为目标"", ""牌库·抽牌"", ""频率·每回合限一次""]"
OGN-293,"[""触发·据守""]"
OGN-294,"[""持续·光环常驻"", ""战力·增强群体""]"
OGN-295,"[""持续·光环常驻"", ""限制·行动禁止""]"
OGN-296,"[""持续·光环常驻"", ""伤害·法术伤害加成""]"
OGN-297,"[""持续·光环常驻"", ""移动·单位""]"
OGN-298,"[""触发·征服"", ""牌库·弃牌"", ""牌库·抽牌""]"
OGS-001,"[""持续·光环常驻"", ""伤害·法术伤害加成""]"
OGS-002,"[""伤害·群体""]"
OGS-003,"[""伤害·单体""]"
OGS-004,"[""符文·数量条件"", ""战力·条件加成""]"
OGS-005,[]
OGS-006,"[""触发·打出"", ""战力·增强单体"", ""战力·增强本回合""]"
OGS-007,[]
OGS-008,"[""战力·增强单体"", ""战力·增强本回合"", ""伤害·等同战力""]"
OGS-009,"[""移动·单位"", ""状态·以活跃进场""]"
OGS-010,"[""触发·进场"", ""牌库·回收""]"
OGS-011,"[""移动·单位"", ""互动·召回基地""]"
OGS-012,"[""摧毁·单位""]"
OGS-013,"[""持续·光环常驻"", ""战力·增强群体""]"
OGS-014,"[""主动·横置技能"", ""资源·获得费用""]"
OGS-015,"[""衍生·单位""]"
OGS-016,"[""状态·以活跃进场""]"
OGS-017,"[""触发·回合结束"", ""符文·激活""]"
OGS-018,"[""触发·进场"", ""伤害·全场无差别""]"
OGS-019,"[""战力·条件加成""]"
OGS-020,"[""保护·免死替身"", ""状态·休眠化"", ""互动·召回基地"", ""触发·摧毁""]"
OGS-021,"[""触发·打出"", ""牌库·抽牌""]"
OGS-022,"[""伤害·单体""]"
OGS-023,"[""触发·征服"", ""牌库·抽牌""]"
OGS-024,"[""战力·增强群体"", ""战力·增强本回合""]"
SFD-001,"[""战力·增强单体"", ""战力·增强本回合""]"
SFD-002,"[""状态·以活跃进场"", ""费用·可选额外"", ""费用·减费""]"
SFD-003,"[""战力·增强单体"", ""战力·增强本回合"", ""费用·可选额外""]"
SFD-004,"[""状态·以活跃进场"", ""衍生·装备""]"
SFD-005,"[""摧毁·装备"", ""牌库·抽牌""]"
SFD-006,"[""状态·以活跃进场""]"
SFD-007,"[""触发·进场"", ""移动·单位""]"
SFD-008,"[""费用·减费""]"
SFD-009,[]
SFD-010,"[""费用·条件减费""]"
SFD-011,"[""牌库·抽牌""]"
SFD-012,"[""费用·条件减费""]"
SFD-013,"[""费用·可选额外"", ""触发·进场"", ""伤害·单体""]"
SFD-014,"[""持续·光环常驻"", ""限制·行动禁止""]"
SFD-015,"[""限制·行动禁止""]"
SFD-016,"[""触发·进攻"", ""触发·防守"", ""伤害·单体""]"
SFD-017,"[""伤害·单体""]"
SFD-018,"[""牌库·查看"", ""牌库·放回""]"
SFD-019,"[""主动·横置技能"", ""主动·支付费用技能"", ""牌库·回收"", ""衍生·单位""]"
SFD-020,"[""触发·战斗"", ""衍生·装备"", ""触发·进攻"", ""触发·防守"", ""费用·可选额外"", ""战力·增强单体"", ""战力·增强本回合""]"
SFD-021,"[""触发·摧毁"", ""衍生·单位""]"
SFD-022,[]
SFD-023,"[""伤害·单体"", ""费用·可选额外""]"
SFD-024,"[""触发·进攻"", ""费用·免费打出""]"
SFD-025,"[""位置·开放战场""]"
SFD-026,"[""持续·光环常驻"", ""战力·条件加成"", ""触发·征服"", ""互动·返回手牌"", ""牌库·打出"", ""费用·条件减费"", ""特性·属性联动""]"
SFD-027,"[""状态·以活跃进场"", ""触发·据守"", ""牌库·抽牌""]"
SFD-028,"[""触发·进攻"", ""伤害·单体"", ""伤害·等同战力""]"
SFD-029,"[""持续·光环常驻""]"
SFD-030,"[""持续·光环常驻"", ""触发·据守"", ""触发·征服""]"
SFD-031,"[""衍生·单位"", ""费用·可选额外""]"
SFD-032,"[""触发·进场"", ""摧毁·装备""]"
SFD-033,[]
SFD-034,"[""战力·增强单体"", ""战力·增强本回合"", ""费用·可选额外""]"
SFD-035,"[""触发·据守"", ""牌库·回收""]"
SFD-036,"[""触发·摧毁"", ""牌库·抽牌""]"
SFD-037,[]
SFD-038,"[""触发·移动"", ""战力·增强单体"", ""战力·增强本回合""]"
SFD-039,"[""触发·进场"", ""状态·激活"", ""状态·休眠化""]"
SFD-040,"[""状态·眩晕"", ""费用·可选额外""]"
SFD-041,"[""触发·移动"", ""牌库·查看"", ""牌库·抽牌"", ""牌库·放回""]"
SFD-042,"[""战力·条件加成""]"
SFD-043,"[""移动·单位"", ""互动·召回基地""]"
SFD-044,"[""费用·强制额外"", ""互动·返回手牌""]"
SFD-045,"[""反制·无效化技能"", ""反制·无效化法术""]"
SFD-046,"[""触发·进场"", ""牌库·抽牌"", ""主动·横置技能"", ""主动·支付费用技能"", ""摧毁·装备""]"
SFD-047,"[""增益·给予"", ""状态·激活""]"
SFD-048,"[""触发·移动"", ""牌库·抽牌""]"
SFD-049,"[""符文·激活"", ""符文·召出"", ""增益·给予""]"
SFD-050,"[""主动·支付费用技能"", ""移动·单位"", ""移动·换位"", ""频率·每回合限一次""]"
SFD-051,"[""保护·免死替身"", ""触发·摧毁"", ""状态·休眠化"", ""互动·召回基地""]"
SFD-052,"[""主动·横置技能"", ""战力·增强单体"", ""战力·增强本回合""]"
SFD-053,"[""触发·进场"", ""保护·抵挡伤害"", ""移动·敌方"", ""互动·召回基地""]"
SFD-054,"[""持续·光环常驻""]"
SFD-055,"[""费用·条件减费"", ""触发·据守""]"
SFD-056,[]
SFD-057,"[""触发·被选为目标"", ""状态·激活"", ""战力·增强单体"", ""战力·增强本回合""]"
SFD-058,"[""触发·进场"", ""触发·据守"", ""牌库·查看"", ""牌库·抽牌"", ""牌库·放回""]"
SFD-059,"[""复制·效果技能""]"
SFD-060,"[""持续·光环常驻"", ""限制·行动禁止""]"
SFD-061,"[""触发·进场"", ""牌库·回收""]"
SFD-062,"[""触发·进场"", ""状态·激活"", ""特性·属性联动""]"
SFD-063,"[""触发·打出"", ""状态·休眠化"", ""衍生·装备""]"
SFD-064,[]
SFD-065,"[""持续·光环常驻"", ""牌库·查看"", ""牌库·放回"", ""特性·属性联动""]"
SFD-066,"[""战力·削弱"", ""费用·可选额外""]"
SFD-067,"[""费用·可选额外"", ""触发·进场"", ""战力·削弱""]"
SFD-068,"[""持续·光环常驻"", ""战力·永久成长""]"
SFD-069,"[""触发·征服"", ""衍生·装备""]"
SFD-070,"[""伤害·单体"", ""衍生·装备""]"
SFD-071,"[""持续·光环常驻"", ""移动·单位"", ""特性·属性联动"", ""状态·以活跃进场""]"
SFD-072,"[""触发·进场"", ""状态·激活""]"
SFD-073,"[""特性·属性联动""]"
SFD-074,"[""触发·进场"", ""摧毁·装备"", ""衍生·装备""]"
SFD-075,"[""战力·增强单体"", ""战力·增强本回合""]"
SFD-076,"[""费用·条件减费"", ""特性·属性联动"", ""衍生·单位"", ""牌库·抽牌""]"
SFD-077,"[""伤害·单体"", ""伤害·对基地"", ""摧毁·装备"", ""费用·可选额外""]"
SFD-078,"[""主动·横置技能"", ""主动·支付费用技能"", ""费用·可选额外""]"
SFD-079,"[""费用·可选额外"", ""状态·休眠化"", ""触发·进场"", ""移动·单位"", ""位置·开放战场""]"
SFD-080,"[""伤害·群体"", ""费用·可选额外""]"
SFD-081,"[""触发·进场"", ""衍生·装备""]"
SFD-082,"[""触发·进攻"", ""触发·防守"", ""伤害·单体"", ""伤害·等同战力"", ""限制·行动禁止"", ""主动·支付费用技能"", ""移动·单位"", ""互动·召回基地""]"
SFD-083,"[""主动·横置技能"", ""资源·获得费用"", ""费用·可选额外""]"
SFD-084,"[""触发·进场"", ""摧毁·装备"", ""费用·免费打出""]"
SFD-085,"[""费用·减费"", ""战力·永久成长"", ""持续·光环常驻""]"
SFD-086,"[""触发·据守"", ""衍生·装备""]"
SFD-087,"[""牌库·抽牌""]"
SFD-088,"[""主动·支付费用技能"", ""牌库·抽牌"", ""主动·横置技能""]"
SFD-089,"[""持续·光环常驻"", ""战力·增强群体"", ""特性·属性联动"", ""触发·据守"", ""衍生·单位""]"
SFD-090,"[""主动·支付费用技能"", ""牌库·放逐"", ""牌库·打出"", ""费用·免费打出"", ""触发·摧毁""]"
SFD-091,"[""触发·进场"", ""牌库·抽牌"", ""增益·给予""]"
SFD-092,"[""费用·减费""]"
SFD-093,"[""位置·开放战场""]"
SFD-094,"[""特性·属性联动"", ""状态·以活跃进场""]"
SFD-095,[]
SFD-096,"[""移动·单位""]"
SFD-097,"[""战力·增强单体"", ""战力·增强本回合""]"
SFD-098,"[""费用·可选额外"", ""触发·进场"", ""增益·给予""]"
SFD-099,"[""费用·减费""]"
SFD-100,"[""触发·打出"", ""牌库·抽牌""]"
SFD-101,"[""触发·进场"", ""增益·给予"", ""增益·消耗"", ""衍生·装备""]"
SFD-102,[]
SFD-103,"[""费用·条件减费""]"
SFD-104,"[""持续·光环常驻""]"
SFD-105,"[""持续·光环常驻"", ""状态·免疫""]"
SFD-106,"[""牌库·抽牌""]"
SFD-107,"[""伤害·单体"", ""伤害·等同战力""]"
SFD-108,"[""触发·征服"", ""增益·给予""]"
SFD-109,"[""费用·减费"", ""费用·可选额外"", ""触发·进场"", ""互动·夺控"", ""移动·单位""]"
SFD-110,"[""触发·进攻"", ""触发·防守"", ""战力·调整""]"
SFD-111,"[""费用·减费""]"
SFD-112,"[""触发·移动"", ""战力·增强单体"", ""战力·增强本回合"", ""复制·效果技能""]"
SFD-113,"[""费用·减费"", ""触发·征服"", ""状态·激活"", ""频率·每回合限一次""]"
SFD-114,"[""伤害·等同战力"", ""费用·可选额外""]"
SFD-115,"[""触发·据守""]"
SFD-116,"[""费用·减费"", ""触发·征服"", ""伤害·单体"", ""伤害·对基地"", ""伤害·等同战力""]"
SFD-117,"[""主动·横置技能"", ""资源·获得费用"", ""费用·可选额外""]"
SFD-118,"[""触发·征服"", ""符文·召出""]"
SFD-119,"[""费用·减费"", ""费用·可选额外"", ""牌库·抽牌""]"
SFD-120,"[""触发·征服"", ""伤害·过量伤害联动"", ""伤害·单体"", ""伤害·等同战力""]"
SFD-121,"[""触发·打出"", ""衍生·装备""]"
SFD-122,"[""牌库·查看"", ""牌库·抽牌"", ""牌库·放回"", ""费用·可选额外""]"
SFD-123,"[""触发·移动"", ""牌库·弃牌"", ""触发·战斗"", ""牌库·抽牌""]"
SFD-124,"[""触发·征服"", ""牌库·弃牌"", ""牌库·抽牌""]"
SFD-125,"[""触发·移动"", ""费用·可选额外"", ""移动·单位""]"
SFD-126,"[""触发·防守"", ""移动·单位""]"
SFD-127,"[""费用·减费""]"
SFD-128,"[""触发·防守"", ""摧毁·单位"", ""移动·单位"", ""互动·召回基地""]"
SFD-129,"[""移动·敌方"", ""费用·可选额外""]"
SFD-130,"[""触发·移动"", ""衍生·装备""]"
SFD-131,"[""战力·条件加成"", ""战力·永久成长""]"
SFD-132,"[""触发·进场"", ""互动·返回手牌""]"
SFD-133,"[""移动·单位""]"
SFD-134,"[""触发·征服"", ""衍生·装备""]"
SFD-135,"[""互动·返回手牌""]"
SFD-136,"[""反制·无效化法术"", ""费用·可选额外""]"
SFD-137,"[""触发·移动"", ""战力·增强单体"", ""战力·增强本回合""]"
SFD-138,"[""触发·进场"", ""互动·返回手牌""]"
SFD-139,"[""触发·进场""]"
SFD-140,"[""触发·进场"", ""牌库·打出"", ""费用·免费打出"", ""牌库·回收""]"
SFD-141,"[""费用·减费"", ""持续·光环常驻""]"
SFD-142,"[""触发·被选为目标"", ""牌库·抽牌""]"
SFD-143,"[""战力·条件加成"", ""战力·增强本回合"", ""移动·单位""]"
SFD-144,"[""触发·被选为目标"", ""费用·可选额外"", ""状态·休眠化"", ""牌库·抽牌""]"
SFD-145,"[""战力·调整""]"
SFD-146,"[""持续·光环常驻"", ""费用·减费"", ""费用·加费""]"
SFD-147,"[""互动·返回手牌""]"
SFD-148,"[""触发·战斗"", ""频率·每回合限一次"", ""触发·摧毁""]"
SFD-149,"[""触发·进场"", ""牌库·弃牌"", ""牌库·抽牌"", ""费用·减费""]"
SFD-150,"[""触发·征服"", ""触发·据守"", ""牌库·打出""]"
SFD-151,"[""战力·增强单体"", ""战力·增强本回合"", ""费用·可选额外""]"
SFD-152,"[""触发·据守"", ""衍生·装备""]"
SFD-153,"[""触发·移动"", ""衍生·单位""]"
SFD-154,"[""衍生·单位"", ""费用·可选额外"", ""状态·激活""]"
SFD-155,"[""触发·摧毁"", ""衍生·装备""]"
SFD-156,[]
SFD-157,"[""触发·进场"", ""衍生·单位""]"
SFD-158,"[""触发·进场"", ""摧毁·单位""]"
SFD-159,"[""战力·条件加成""]"
SFD-160,"[""费用·可选额外"", ""摧毁·装备"", ""触发·进场""]"
SFD-161,[]
SFD-162,"[""摧毁·单位"", ""衍生·装备""]"
SFD-163,"[""摧毁·单位"", ""战力·增强单体"", ""战力·增强本回合"", ""牌库·抽牌""]"
SFD-164,"[""费用·条件减费"", ""摧毁·单位""]"
SFD-165,"[""触发·摧毁"", ""牌库·打出"", ""费用·免费打出""]"
SFD-166,"[""触发·打出"", ""增益·给予"", ""牌库·抽牌""]"
SFD-167,"[""触发·摧毁"", ""牌库·抽牌"", ""战力·条件加成""]"
SFD-168,"[""主动·横置技能"", ""衍生·单位""]"
SFD-169,"[""触发·摧毁"", ""状态·休眠化"", ""牌库·抽牌"", ""牌库·放回""]"
SFD-170,"[""触发·进攻"", ""牌库·查看"", ""牌库·放逐"", ""费用·免费打出"", ""牌库·放回""]"
SFD-171,"[""持续·光环常驻"", ""状态·以活跃进场""]"
SFD-172,"[""触发·摧毁"", ""牌库·抽牌""]"
SFD-173,"[""保护·免死替身"", ""触发·摧毁"", ""状态·休眠化"", ""互动·召回基地""]"
SFD-174,"[""触发·进场"", ""衍生·装备""]"
SFD-175,"[""触发·进场"", ""战力·增强群体"", ""战力·增强本回合"", ""资源·获得费用""]"
SFD-176,"[""状态·以活跃进场""]"
SFD-177,"[""触发·进攻"", ""移动·单位""]"
SFD-178,"[""费用·强制额外"", ""摧毁·单位""]"
SFD-179,"[""触发·移动"", ""衍生·单位""]"
SFD-180,"[""费用·可选额外"", ""状态·激活""]"
SFD-181,"[""持续·光环常驻"", ""战力·条件加成"", ""特性·属性联动""]"
SFD-182,"[""战力·增强群体"", ""战力·增强本回合"", ""特性·属性联动"", ""费用·可选额外""]"
SFD-183,"[""持续·光环常驻"", ""战力·条件加成""]"
SFD-184,"[""移动·单位"", ""触发·征服"", ""互动·召回基地""]"
SFD-185,"[""触发·战斗"", ""牌库·抽牌""]"
SFD-186,[]
SFD-187,"[""触发·征服"", ""状态·休眠化"", ""牌库·查看"", ""费用·免费打出"", ""牌库·放回""]"
SFD-188,"[""牌库·查看"", ""牌库·放逐"", ""费用·减费"", ""牌库·抽牌""]"
SFD-189,"[""主动·横置技能"", ""资源·获得费用""]"
SFD-190,"[""触发·进攻"", ""触发·防守"", ""伤害·群体""]"
SFD-191,"[""持续·光环常驻"", ""伤害·法术伤害加成""]"
SFD-192,"[""触发·进场"", ""状态·激活"", ""持续·光环常驻"", ""移动·单位""]"
SFD-193,"[""主动·横置技能"", ""主动·支付费用技能""]"
SFD-194,"[""保护·抵挡伤害"", ""牌库·抽牌""]"
SFD-195,"[""触发·被选为目标"", ""状态·休眠化"", ""费用·可选额外"", ""状态·激活"", ""触发·征服""]"
SFD-196,"[""战力·增强单体"", ""战力·增强本回合"", ""战力·削弱""]"
SFD-197,"[""持续·光环常驻"", ""主动·横置技能"", ""主动·支付费用技能"", ""衍生·单位""]"
SFD-198,"[""衍生·单位"", ""状态·激活""]"
SFD-199,"[""主动·横置技能"", ""牌库·抽牌""]"
SFD-200,"[""牌库·放逐"", ""费用·免费打出"", ""伤害·单体""]"
SFD-201,"[""触发·据守"", ""状态·休眠化"", ""衍生·装备"", ""资源·获得费用""]"
SFD-202,"[""互动·夺控"", ""状态·激活"", ""触发·回合结束"", ""互动·召回基地""]"
SFD-203,"[""状态·休眠化"", ""衍生·装备"", ""触发·摧毁"", ""状态·激活""]"
SFD-204,"[""状态·激活""]"
SFD-205,"[""状态·休眠化"", ""符文·召出""]"
SFD-206,"[""反制·无效化法术"", ""战力·增强单体"", ""战力·增强本回合""]"
SFD-207,"[""触发·征服"", ""费用·可选额外"", ""互动·返回手牌"", ""衍生·单位""]"
SFD-208,"[""持续·光环常驻"", ""主动·横置技能""]"
SFD-209,"[""持续·光环常驻"", ""限制·行动禁止""]"
SFD-210,"[""触发·征服"", ""费用·可选额外"", ""状态·激活""]"
SFD-211,"[""持续·光环常驻"", ""费用·减费""]"
SFD-212,"[""触发·征服"", ""牌库·燃烧""]"
SFD-213,"[""持续·光环常驻"", ""费用·减费""]"
SFD-214,"[""触发·据守"", ""费用·可选额外""]"
SFD-215,"[""触发·防守"", ""牌库·查看"", ""牌库·抽牌"", ""牌库·放回""]"
SFD-216,"[""持续·光环常驻"", ""限制·行动禁止""]"
SFD-217,"[""触发·征服"", ""牌库·抽牌""]"
SFD-218,"[""触发·征服"", ""费用·可选额外"", ""牌库·抽牌""]"
SFD-219,"[""触发·据守"", ""符文·召出""]"
SFD-220,"[""触发·征服"", ""费用·可选额外"", ""衍生·装备""]"
SFD-221,"[""触发·征服"", ""状态·激活""]"
SFD-T03,"[""主动·横置技能"", ""资源·获得费用"", ""摧毁·装备""]"
UNL-001,"[""状态·以活跃进场"", ""主动·横置技能"", ""战力·增强单体"", ""战力·增强本回合""]"
UNL-002,[]
UNL-003,"[""触发·进场"", ""伤害·单体""]"
UNL-004,"[""战力·条件加成""]"
UNL-005,"[""触发·打出"", ""状态·激活""]"
UNL-006,"[""状态·以活跃进场"", ""费用·可选额外""]"
UNL-007,"[""伤害·单体"", ""牌库·放逐""]"
UNL-008,"[""触发·摧毁"", ""状态·以活跃进场""]"
UNL-009,"[""状态·激活"", ""费用·可选额外""]"
UNL-010,"[""战力·增强单体"", ""战力·增强本回合"", ""移动·单位""]"
UNL-011,"[""触发·打出"", ""状态·休眠化"", ""牌库·抽牌""]"
UNL-012,"[""触发·进场"", ""战力·增强群体"", ""战力·增强本回合""]"
UNL-013,"[""伤害·法术伤害加成""]"
UNL-014,"[""伤害·单体""]"
UNL-015,"[""牌库·抽牌""]"
UNL-016,"[""经验·获得"", ""触发·征服"", ""触发·据守"", ""经验·等级奖励"", ""战力·增强单体"", ""战力·永久成长"", ""状态·以活跃进场""]"
UNL-017,"[""费用·可选额外"", ""牌库·弃牌"", ""战力·增强单体"", ""战力·增强本回合""]"
UNL-018,"[""触发·征服"", ""伤害·过量伤害联动"", ""衍生·装备""]"
UNL-019,"[""触发·回合结束"", ""伤害·单体""]"
UNL-020,"[""伤害·单体"", ""费用·可选额外"", ""伤害·法术伤害加成""]"
UNL-021,"[""触发·进场"", ""互动·返回手牌""]"
UNL-022,"[""触发·移动"", ""资源·获得费用""]"
UNL-023,"[""状态·激活"", ""触发·打出"", ""伤害·单体""]"
UNL-024,"[""状态·以活跃进场"", ""费用·可选额外""]"
UNL-025,"[""触发·打出"", ""牌库·打出"", ""费用·可选额外""]"
UNL-026,"[""主动·横置技能"", ""主动·支付费用技能"", ""伤害·单体""]"
UNL-027,"[""触发·征服"", ""战力·增强单体"", ""战力·增强本回合""]"
UNL-028,"[""费用·可选额外"", ""触发·进场"", ""状态·激活"", ""战力·增强单体"", ""战力·增强本回合""]"
UNL-029,"[""触发·征服"", ""增益·给予""]"
UNL-030,"[""主动·支付费用技能"", ""战力·调整"", ""战力·增强本回合""]"
UNL-031,"[""战力·增强单体"", ""战力·增强本回合"", ""经验·等级奖励""]"
UNL-032,"[""牌库·查看"", ""牌库·抽牌"", ""牌库·放回"", ""费用·可选额外""]"
UNL-033,"[""触发·进场"", ""衍生·单位""]"
UNL-034,"[""经验·获得"", ""触发·征服"", ""触发·据守"", ""触发·进场""]"
UNL-035,"[""费用·条件减费"", ""状态·以活跃进场""]"
UNL-036,[]
UNL-037,"[""触发·摧毁"", ""状态·以活跃进场""]"
UNL-038,"[""移动·敌方"", ""经验·等级奖励"", ""状态·眩晕""]"
UNL-039,[]
UNL-040,"[""经验·获得"", ""触发·征服"", ""触发·据守"", ""经验·等级奖励"", ""触发·进场"", ""牌库·抽牌""]"
UNL-041,"[""持续·光环常驻""]"
UNL-042,"[""状态·眩晕"", ""牌库·抽牌""]"
UNL-043,"[""触发·据守"", ""增益·给予""]"
UNL-044,"[""反制·无效化法术"", ""衍生·单位""]"
UNL-045,"[""状态·休眠化"", ""主动·横置技能"", ""移动·单位""]"
UNL-046,"[""特性·属性联动"", ""战力·增强单体"", ""战力·增强本回合""]"
UNL-047,"[""经验·获得"", ""触发·征服"", ""触发·据守"", ""经验·等级奖励"", ""战力·增强单体"", ""战力·永久成长""]"
UNL-048,"[""触发·据守"", ""衍生·单位"", ""状态·以活跃进场""]"
UNL-049,"[""状态·以休眠进场"", ""主动·横置技能"", ""资源·获得费用"", ""经验·等级奖励""]"
UNL-050,"[""触发·据守"", ""移动·敌方""]"
UNL-051,"[""触发·进场"", ""触发·据守"", ""牌库·查看"", ""牌库·抽牌"", ""牌库·放回"", ""特性·属性联动"", ""增益·给予""]"
UNL-052,"[""费用·可选额外"", ""触发·进场"", ""状态·眩晕"", ""触发·据守"", ""状态·激活"", ""增益·给予""]"
UNL-053,"[""触发·进场"", ""牌库·抽牌"", ""触发·摧毁"", ""干扰·展示手牌"", ""经验·获得""]"
UNL-054,"[""移动·敌方""]"
UNL-055,"[""状态·眩晕"", ""移动·单位""]"
UNL-056,"[""触发·进攻"", ""触发·防守"", ""战力·增强单体"", ""战力·增强本回合""]"
UNL-057,"[""持续·光环常驻"", ""状态·免疫""]"
UNL-058,"[""触发·打出"", ""战力·增强单体"", ""战力·增强本回合"", ""持续·光环常驻""]"
UNL-059,"[""经验·等级奖励"", ""费用·减费"", ""状态·免疫""]"
UNL-060,"[""持续·光环常驻"", ""限制·行动禁止"", ""触发·据守"", ""牌库·抽牌""]"
UNL-061,"[""牌库·抽牌"", ""费用·可选额外""]"
UNL-062,"[""触发·摧毁"", ""牌库·查看"", ""牌库·放回""]"
UNL-063,"[""战力·削弱"", ""牌库·查看"", ""牌库·放回""]"
UNL-064,"[""触发·进场"", ""牌库·查看"", ""牌库·抽牌"", ""牌库·放回""]"
UNL-065,"[""触发·进攻"", ""费用·可选额外"", ""战力·削弱""]"
UNL-066,"[""战力·削弱""]"
UNL-067,"[""触发·摧毁"", ""伤害·单体""]"
UNL-068,"[""触发·摧毁"", ""战力·增强单体"", ""战力·增强本回合""]"
UNL-069,"[""衍生·单位"", ""状态·以活跃进场""]"
UNL-070,[]
UNL-071,"[""触发·进场"", ""战力·增强群体"", ""战力·增强本回合""]"
UNL-072,"[""伤害·单体"", ""伤害·群体""]"
UNL-073,"[""伤害·单体"", ""触发·摧毁"", ""衍生·装备""]"
UNL-074,"[""牌库·抽牌"", ""战力·增强单体"", ""战力·增强本回合""]"
UNL-075,"[""经验·获得"", ""触发·征服"", ""触发·据守"", ""经验·等级奖励"", ""战力·增强单体"", ""战力·永久成长"", ""移动·单位""]"
UNL-076,"[""战力·条件加成"", ""战力·永久成长""]"
UNL-077,"[""持续·光环常驻"", ""战力·增强群体""]"
UNL-078,"[""触发·进场"", ""衍生·单位"", ""状态·以活跃进场"", ""触发·摧毁""]"
UNL-079,"[""费用·可选额外"", ""牌库·查看"", ""牌库·抽牌"", ""牌库·放回""]"
UNL-080,"[""触发·移动"", ""牌库·抽牌"", ""牌库·弃牌"", ""符文·激活"", ""战力·增强单体"", ""战力·增强本回合""]"
UNL-081,"[""触发·进场"", ""衍生·单位"", ""复制·效果技能""]"
UNL-082,"[""触发·移动"", ""衍生·单位""]"
UNL-083,"[""移动·换位"", ""牌库·抽牌""]"
UNL-084,"[""触发·进场"", ""触发·回合开始"", ""衍生·单位"", ""状态·以活跃进场""]"
UNL-085,"[""牌库·抽牌""]"
UNL-086,"[""频率·每回合限一次"", ""持续·光环常驻"", ""衍生·单位"", ""复制·效果技能""]"
UNL-087,"[""触发·据守"", ""资源·获得费用""]"
UNL-088,"[""触发·回合开始"", ""牌库·弃牌"", ""主动·横置技能"", ""衍生·单位""]"
UNL-089,"[""牌库·查看"", ""牌库·放回"", ""费用·可选额外""]"
UNL-090,"[""持续·光环常驻""]"
UNL-091,"[""牌库·抽牌"", ""经验·等级奖励"", ""费用·减费""]"
UNL-092,"[""触发·进场"", ""经验·获得""]"
UNL-093,"[""主动·横置技能"", ""资源·获得费用""]"
UNL-094,"[""经验·获得"", ""触发·征服"", ""触发·据守"", ""经验·等级奖励"", ""战力·增强单体"", ""战力·永久成长""]"
UNL-095,"[""战力·增强单体"", ""战力·增强本回合"", ""触发·战斗"", ""经验·获得""]"
UNL-096,"[""经验·获得"", ""触发·征服"", ""触发·据守""]"
UNL-097,"[""触发·进场"", ""牌库·抽牌""]"
UNL-098,"[""经验·等级奖励"", ""战力·增强单体"", ""战力·永久成长""]"
UNL-099,[]
UNL-100,"[""经验·获得"", ""触发·征服"", ""触发·据守""]"
UNL-101,"[""移动·单位"", ""移动·敌方""]"
UNL-102,"[""经验·获得"", ""触发·征服"", ""触发·据守"", ""经验·消耗"", ""增益·给予""]"
UNL-103,"[""牌库·放回"", ""牌库·抽牌""]"
UNL-104,"[""触发·进场"", ""触发·打出"", ""符文·激活"", ""特性·属性联动""]"
UNL-105,"[""触发·移动"", ""移动·敌方""]"
UNL-106,"[""反制·无效化技能"", ""反制·无效化法术""]"
UNL-107,"[""移动·敌方"", ""互动·召回基地"", ""经验·获得""]"
UNL-108,"[""经验·获得"", ""战力·条件加成"", ""移动·单位""]"
UNL-109,"[""触发·打出"", ""费用·可选额外"", ""经验·获得"", ""经验·消耗"", ""主动·横置技能"", ""状态·激活""]"
UNL-110,"[""伤害·等同战力""]"
UNL-111,"[""持续·光环常驻"", ""限制·行动禁止""]"
UNL-112,"[""触发·移动"", ""移动·敌方""]"
UNL-113,"[""经验·获得"", ""触发·征服"", ""触发·据守"", ""经验·等级奖励""]"
UNL-114,"[""触发·战斗"", ""牌库·抽牌""]"
UNL-115,"[""触发·移动"", ""经验·获得""]"
UNL-116,"[""触发·进场"", ""状态·激活"", ""经验·获得""]"
UNL-117,"[""经验·获得"", ""触发·征服"", ""触发·据守"", ""位置·开放战场""]"
UNL-118,"[""持续·光环常驻"", ""摧毁·单位"", ""触发·进场"", ""伤害·群体""]"
UNL-119,"[""经验·获得"", ""触发·征服"", ""触发·据守"", ""触发·进攻"", ""经验·消耗"", ""伤害·单体"", ""伤害·等同战力""]"
UNL-120,"[""位置·开放战场""]"
UNL-121,"[""触发·进场"", ""牌库·弃牌""]"
UNL-122,"[""费用·可选额外"", ""状态·以活跃进场""]"
UNL-123,"[""触发·进场"", ""牌库·弃牌"", ""牌库·抽牌""]"
UNL-124,"[""移动·敌方"", ""互动·召回基地"", ""牌库·抽牌""]"
UNL-125,"[""牌库·弃牌"", ""牌库·抽牌""]"
UNL-126,"[""经验·消耗"", ""移动·单位""]"
UNL-127,"[""触发·移动"", ""经验·获得""]"
UNL-128,"[""互动·返回手牌""]"
UNL-129,"[""触发·摧毁"", ""经验·获得""]"
UNL-130,"[""触发·进场"", ""衍生·单位""]"
UNL-131,"[""反制·无效化法术"", ""互动·返回手牌"", ""牌库·查看"", ""牌库·放回""]"
UNL-132,"[""触发·进场"", ""互动·返回手牌""]"
UNL-133,"[""触发·进场"", ""移动·敌方"", ""状态·休眠化"", ""状态·眩晕""]"
UNL-134,"[""状态·眩晕"", ""互动·返回手牌"", ""费用·可选额外""]"
UNL-135,"[""触发·进场"", ""干扰·展示手牌"", ""经验·消耗"", ""干扰·弃对手手牌"", ""牌库·抽牌""]"
UNL-136,"[""状态·以休眠进场"", ""摧毁·装备"", ""主动·横置技能"", ""主动·支付费用技能"", ""牌库·查看"", ""牌库·放回"", ""牌库·抽牌"", ""经验·获得""]"
UNL-137,"[""触发·进攻"", ""费用·可选额外"", ""移动·敌方"", ""互动·召回基地""]"
UNL-138,"[""触发·进场"", ""特性·属性联动"", ""主动·横置技能"", ""战力·削弱""]"
UNL-139,"[""干扰·展示手牌"", ""费用·免费打出"", ""状态·眩晕""]"
UNL-140,"[""经验·消耗"", ""费用·可选额外"", ""互动·夺控"", ""状态·休眠化"", ""互动·召回基地""]"
UNL-141,"[""触发·进场"", ""移动·敌方""]"
UNL-142,"[""费用·强制额外"", ""摧毁·单位"", ""牌库·打出"", ""费用·免费打出""]"
UNL-143,"[""触发·进攻"", ""触发·防守"", ""战力·条件加成"", ""战力·增强本回合"", ""经验·获得""]"
UNL-144,"[""持续·光环常驻"", ""限制·行动禁止"", ""主动·支付费用技能"", ""移动·单位""]"
UNL-145,"[""频率·每回合限一次"", ""触发·摧毁"", ""衍生·装备""]"
UNL-146,"[""持续·光环常驻""]"
UNL-147,"[""触发·进场"", ""衍生·单位"", ""状态·免疫"", ""持续·光环常驻"", ""战力·增强群体""]"
UNL-148,"[""触发·进场"", ""牌库·放逐"", ""主动·横置技能"", ""牌库·打出""]"
UNL-149,"[""触发·打出"", ""战力·增强单体"", ""战力·增强本回合""]"
UNL-150,"[""触发·打出"", ""状态·眩晕"", ""限制·行动禁止""]"
UNL-151,"[""经验·等级奖励"", ""状态·以活跃进场""]"
UNL-152,"[""触发·摧毁"", ""符文·召出""]"
UNL-153,"[""触发·摧毁"", ""衍生·单位""]"
UNL-154,"[""触发·进攻"", ""战力·条件加成""]"
UNL-155,"[""战力·增强单体"", ""战力·增强本回合"", ""状态·眩晕""]"
UNL-156,"[""触发·摧毁"", ""牌库·抽牌""]"
UNL-157,"[""触发·进场"", ""经验·获得""]"
UNL-158,"[""触发·进场"", ""经验·获得"", ""经验·消耗""]"
UNL-159,"[""摧毁·单位""]"
UNL-160,"[""主动·横置技能"", ""衍生·单位""]"
UNL-161,"[""牌库·查看"", ""牌库·放回"", ""摧毁·装备"", ""主动·横置技能"", ""战力·增强单体"", ""战力·增强本回合""]"
UNL-162,"[""经验·获得"", ""触发·征服"", ""触发·据守"", ""经验·消耗"", ""增益·给予""]"
UNL-163,"[""持续·光环常驻"", ""费用·加费""]"
UNL-164,"[""经验·消耗"", ""费用·可选额外"", ""触发·进场"", ""摧毁·单位""]"
UNL-165,"[""牌库·抽牌""]"
UNL-166,"[""费用·强制额外"", ""摧毁·单位"", ""特性·属性联动"", ""位置·开放战场""]"
UNL-167,"[""触发·进场"", ""牌库·回收"", ""特性·属性联动""]"
UNL-168,"[""费用·条件减费"", ""特性·属性联动"", ""牌库·打出"", ""费用·免费打出""]"
UNL-169,"[""触发·进场"", ""干扰·展示手牌"", ""牌库·放逐"", ""触发·据守"", ""互动·返回手牌""]"
UNL-170,"[""费用·可选额外"", ""摧毁·单位"", ""费用·减费"", ""触发·进攻""]"
UNL-171,"[""持续·光环常驻"", ""限制·行动禁止""]"
UNL-172,"[""触发·摧毁"", ""牌库·抽牌"", ""触发·回合开始""]"
UNL-173,"[""费用·强制额外"", ""摧毁·单位"", ""牌库·抽牌"", ""符文·召出""]"
UNL-174,"[""频率·每回合限一次"", ""触发·回合开始"", ""触发·摧毁"", ""摧毁·单位""]"
UNL-175,"[""保护·免死替身"", ""状态·休眠化"", ""互动·召回基地"", ""触发·摧毁""]"
UNL-176,"[""触发·进攻"", ""状态·眩晕""]"
UNL-177,"[""触发·进场"", ""特性·属性联动"", ""触发·征服"", ""触发·据守""]"
UNL-178,"[""经验·消耗"", ""费用·可选额外"", ""费用·减费""]"
UNL-179,"[""触发·移动"", ""牌库·查看"", ""牌库·抽牌"", ""牌库·放回"", ""触发·摧毁"", ""费用·免费打出""]"
UNL-180,"[""摧毁·单位"", ""摧毁·全体清场""]"
UNL-181,"[""触发·打出"", ""牌库·放逐"", ""符文·召出"", ""牌库·抽牌""]"
UNL-182,"[""费用·可选额外"", ""牌库·抽牌"", ""伤害·单体"", ""伤害·对基地"", ""战力·削弱""]"
UNL-183,"[""触发·打出"", ""战力·增强单体"", ""战力·增强本回合""]"
UNL-184,"[""牌库·放逐"", ""费用·免费打出""]"
UNL-185,"[""主动·横置技能"", ""主动·支付费用技能"", ""互动·返回手牌"", ""衍生·装备""]"
UNL-186,"[""摧毁·单位"", ""费用·可选额外"", ""牌库·打出""]"
UNL-187,"[""触发·征服"", ""伤害·过量伤害联动"", ""状态·休眠化"", ""状态·激活""]"
UNL-188,"[""费用·减费"", ""触发·征服"", ""伤害·过量伤害联动"", ""牌库·抽牌""]"
UNL-189,"[""主动·横置技能"", ""主动·支付费用技能"", ""衍生·单位"", ""状态·以活跃进场"", ""费用·条件减费""]"
UNL-190,"[""反制·无效化法术"", ""限制·行动禁止""]"
UNL-191,"[""经验·等级奖励"", ""战力·增强群体"", ""战力·永久成长"", ""状态·以活跃进场""]"
UNL-192,"[""伤害·群体"", ""伤害·等同战力"", ""触发·摧毁"", ""经验·获得""]"
UNL-193,"[""触发·据守"", ""状态·休眠化"", ""牌库·抽牌""]"
UNL-194,"[""状态·以活跃进场"", ""主动·横置技能"", ""主动·支付费用技能"", ""状态·眩晕""]"
UNL-195,"[""触发·征服"", ""触发·据守"", ""状态·休眠化"", ""衍生·单位"", ""特性·属性联动"", ""持续·光环常驻""]"
UNL-196,"[""状态·以活跃进场"", ""特性·属性联动"", ""费用·条件减费"", ""触发·进攻"", ""状态·眩晕""]"
UNL-197,"[""主动·横置技能"", ""资源·获得费用""]"
UNL-198,"[""移动·敌方"", ""战力·削弱""]"
UNL-199,"[""触发·征服"", ""触发·据守"", ""牌库·弃牌"", ""状态·休眠化"", ""衍生·单位"", ""复制·效果技能"", ""状态·以活跃进场""]"
UNL-200,"[""衍生·单位"", ""复制·效果技能"", ""状态·以活跃进场""]"
UNL-201,"[""触发·战斗"", ""经验·获得"", ""经验·消耗"", ""主动·横置技能"", ""增益·给予"", ""移动·单位"", ""互动·召回基地""]"
UNL-202,"[""移动·单位"", ""移动·敌方""]"
UNL-203,"[""触发·据守"", ""经验·获得"", ""经验·消耗"", ""主动·横置技能"", ""牌库·抽牌""]"
UNL-204,"[""牌库·放回""]"
UNL-205,"[""触发·打出"", ""战力·增强单体"", ""战力·增强本回合""]"
UNL-206,"[""触发·战斗"", ""触发·摧毁"", ""费用·可选额外"", ""保护·免死替身"", ""状态·休眠化"", ""互动·召回基地""]"
UNL-207,"[""触发·据守"", ""移动·单位"", ""互动·召回基地""]"
UNL-208,"[""持续·光环常驻"", ""战力·条件加成""]"
UNL-209,"[""触发·回合开始"", ""摧毁·单位"", ""牌库·抽牌""]"
UNL-210,"[""持续·光环常驻"", ""战力·削弱""]"
UNL-211,"[""持续·光环常驻"", ""触发·打出"", ""牌库·查看"", ""牌库·放回""]"
UNL-212,"[""触发·回合开始"", ""伤害·群体""]"
UNL-213,"[""持续·光环常驻"", ""主动·横置技能"", ""经验·获得""]"
UNL-214,"[""互动·返回手牌"", ""费用·可选额外"", ""符文·召出""]"
UNL-215,"[""频率·每回合限一次"", ""触发·打出"", ""移动·单位"", ""互动·召回基地""]"
UNL-216,"[""触发·据守""]"
UNL-217,"[""触发·征服"", ""伤害·过量伤害联动"", ""衍生·单位""]"
UNL-218,"[""触发·打出"", ""费用·可选额外"", ""增益·给予""]"
UNL-219,"[""触发·据守"", ""费用·加费""]"
UNL-T01,"[""持续·光环常驻"", ""移动·单位""]"
UNL-T02,[]
UNL-T03,"[""持续·光环常驻"", ""战力·增强群体"", ""特性·属性联动""]"
UNL-T05,"[""主动·横置技能"", ""资源·获得费用"", ""摧毁·装备""]"
UNL-T06,"[""触发·进场"", ""复制·效果技能""]"
UNL-T07,[]
VEN-001,"[""强化·强化"", ""费用·条件减费"", ""强化·已强化奖励"", ""战力·条件加成""]"
VEN-002,"[""频率·每回合限一次"", ""触发·移动"", ""牌库·燃烧""]"
VEN-003,"[""摧毁·装备"", ""牌库·打出"", ""费用·可选额外"", ""牌库·放逐""]"
VEN-004,"[""持续·光环常驻""]"
VEN-005,"[""触发·回合开始"", ""符文·数量条件"", ""战力·条件加成"", ""战力·增强本回合""]"
VEN-006,"[""触发·回合开始"", ""符文·数量条件"", ""战力·条件加成"", ""战力·增强本回合"", ""移动·单位""]"
VEN-007,"[""强化·强化"", ""牌库·弃牌"", ""强化·已强化奖励"", ""战力·增强单体"", ""战力·永久成长""]"
VEN-008,"[""费用·可选额外"", ""牌库·弃牌"", ""伤害·单体""]"
VEN-009,"[""触发·进攻"", ""费用·可选额外"", ""战力·条件加成"", ""战力·增强本回合""]"
VEN-010,"[""伤害·单体"", ""伤害·法术伤害加成""]"
VEN-011,"[""触发·移动"", ""战力·增强单体"", ""战力·增强本回合""]"
VEN-012,"[""状态·激活"", ""战力·增强单体"", ""战力·增强本回合"", ""牌库·打出"", ""费用·可选额外"", ""牌库·放逐""]"
VEN-013,"[""状态·以活跃进场""]"
VEN-014,"[""强化·强化"", ""强化·已强化奖励"", ""战力·条件加成""]"
VEN-015,"[""伤害·单体""]"
VEN-016,"[""触发·移动"", ""符文·数量条件"", ""牌库·抽牌""]"
VEN-017,"[""触发·进场"", ""伤害·单体"", ""伤害·等同战力""]"
VEN-018,"[""强化·强化"", ""持续·光环常驻"", ""战力·增强群体"", ""强化·已强化奖励""]"
VEN-019,"[""触发·进攻"", ""符文·数量条件"", ""伤害·群体""]"
VEN-020,"[""触发·进攻"", ""状态·激活""]"
VEN-021,"[""强化·强化"", ""触发·移动"", ""伤害·单体"", ""强化·已强化奖励"", ""战力·增强单体"", ""战力·永久成长""]"
VEN-022,"[""触发·进场"", ""牌库·放逐"", ""牌库·燃烧"", ""持续·光环常驻"", ""牌库·打出""]"
VEN-023,"[""费用·可选额外"", ""牌库·弃牌"", ""触发·进场"", ""衍生·单位""]"
VEN-024,"[""触发·战斗"", ""牌库·抽牌""]"
VEN-025,"[""符文·数量条件"", ""保护·抵挡伤害""]"
VEN-026,"[""触发·进场"", ""战力·增强单体"", ""战力·增强本回合""]"
VEN-027,"[""战力·条件加成""]"
VEN-028,"[""触发·战斗"", ""强化·强化"", ""强化·已强化奖励"", ""战力·增强单体"", ""战力·永久成长""]"
VEN-029,"[""持续·光环常驻"", ""限制·行动禁止""]"
VEN-030,"[""强化·强化"", ""强化·已强化奖励"", ""战力·条件加成""]"
VEN-031,"[""战力·增强单体"", ""战力·增强本回合"", ""状态·免疫"", ""牌库·打出"", ""费用·可选额外"", ""牌库·放逐""]"
VEN-032,"[""强化·强化"", ""费用·条件减费"", ""强化·已强化奖励"", ""战力·增强单体"", ""战力·永久成长""]"
VEN-033,"[""触发·移动"", ""牌库·查看"", ""牌库·抽牌"", ""牌库·燃烧"", ""战力·增强单体"", ""战力·增强本回合""]"
VEN-034,"[""移动·单位"", ""战力·增强单体"", ""战力·增强本回合""]"
VEN-035,"[""强化·强化"", ""强化·解除强化"", ""触发·回合结束""]"
VEN-036,"[""持续·光环常驻"", ""限制·行动禁止"", ""符文·召出""]"
VEN-037,"[""触发·进场"", ""符文·数量条件"", ""摧毁·装备"", ""强化·解除强化""]"
VEN-038,"[""持续·光环常驻"", ""状态·免疫"", ""触发·移动"", ""战力·增强单体"", ""战力·增强本回合""]"
VEN-039,"[""反制·无效化法术""]"
VEN-040,"[""战力·增强单体"", ""战力·增强本回合""]"
VEN-041,"[""费用·减费"", ""触发·进攻"", ""伤害·单体"", ""伤害·法术伤害加成""]"
VEN-042,"[""触发·据守"", ""牌库·抽牌""]"
VEN-043,"[""强化·强化"", ""强化·已强化奖励"", ""战力·增强单体"", ""战力·永久成长""]"
VEN-044,"[""触发·打出"", ""持续·光环常驻"", ""费用·减费"", ""频率·每回合限一次""]"
VEN-045,"[""强化·强化"", ""费用·加费"", ""强化·已强化奖励""]"
VEN-046,"[""强化·强化"", ""强化·已强化奖励"", ""触发·征服""]"
VEN-047,"[""强化·强化"", ""强化·已强化奖励"", ""牌库·查看"", ""牌库·放回"", ""战力·增强单体"", ""战力·永久成长""]"
VEN-048,"[""触发·进场"", ""牌库·抽牌""]"
VEN-049,"[""牌库·抽牌"", ""牌库·打出"", ""费用·可选额外"", ""牌库·放逐""]"
VEN-050,"[""强化·强化"", ""费用·条件减费"", ""强化·已强化奖励"", ""战力·条件加成""]"
VEN-051,"[""衍生·单位"", ""牌库·打出"", ""费用·可选额外"", ""牌库·放逐""]"
VEN-052,"[""互动·返回手牌"", ""战力·削弱""]"
VEN-053,"[""触发·征服"", ""触发·据守"", ""牌库·抽牌""]"
VEN-054,"[""强化·强化"", ""强化·解除强化"", ""主动·横置技能"", ""主动·支付费用技能"", ""牌库·抽牌""]"
VEN-055,"[""强化·强化"", ""强化·已强化奖励"", ""费用·减费""]"
VEN-056,"[""牌库·查看"", ""牌库·放回"", ""牌库·抽牌""]"
VEN-057,"[""强化·强化"", ""强化·已强化奖励"", ""触发·移动"", ""牌库·抽牌""]"
VEN-058,"[""状态·以休眠进场"", ""触发·进场"", ""牌库·抽牌""]"
VEN-059,"[""费用·条件减费"", ""伤害·单体""]"
VEN-060,"[""牌库·弃牌"", ""主动·横置技能"", ""主动·支付费用技能"", ""伤害·单体""]"
VEN-061,"[""战力·削弱""]"
VEN-062,"[""状态·以休眠进场"", ""主动·横置技能"", ""强化·强化""]"
VEN-063,"[""频率·每回合限一次"", ""触发·摧毁"", ""符文·召出""]"
VEN-064,"[""费用·条件减费""]"
VEN-065,"[""牌库·查看"", ""牌库·放回"", ""触发·征服""]"
VEN-066,"[""牌库·放逐"", ""费用·免费打出""]"
VEN-067,"[""触发·回合开始"", ""摧毁·单位"", ""摧毁·装备""]"
VEN-068,"[""触发·进场"", ""触发·打出"", ""频率·每回合限一次"", ""状态·激活""]"
VEN-069,"[""触发·进场"", ""牌库·抽牌"", ""强化·强化"", ""强化·已强化奖励"", ""反制·无效化法术""]"
VEN-070,"[""强化·强化"", ""强化·已强化奖励"", ""战力·增强单体"", ""战力·永久成长"", ""移动·单位""]"
VEN-071,"[""状态·激活"", ""战力·增强单体"", ""战力·增强本回合""]"
VEN-072,"[""战力·增强单体"", ""战力·增强本回合""]"
VEN-073,[]
VEN-074,"[""强化·强化"", ""强化·已强化奖励"", ""战力·增强单体"", ""战力·永久成长""]"
VEN-075,"[""状态·以休眠进场"", ""强化·强化"", ""主动·横置技能"", ""资源·获得费用"", ""强化·已强化奖励""]"
VEN-076,"[""战力·条件加成"", ""战力·永久成长""]"
VEN-077,"[""强化·强化"", ""主动·横置技能"", ""战力·增强单体"", ""战力·增强本回合"", ""强化·已强化奖励""]"
VEN-078,"[""强化·强化"", ""强化·已强化奖励"", ""战力·增强单体"", ""战力·永久成长"", ""触发·摧毁"", ""符文·召出""]"
VEN-079,"[""强化·强化"", ""强化·已强化奖励"", ""触发·进攻"", ""触发·防守"", ""战力·调整"", ""战力·增强单体"", ""战力·增强本回合""]"
VEN-080,"[""触发·征服"", ""摧毁·装备""]"
VEN-081,"[""战力·增强单体"", ""战力·增强本回合"", ""牌库·打出"", ""费用·可选额外"", ""牌库·放逐""]"
VEN-082,"[""触发·进场"", ""强化·解除强化"", ""强化·强化""]"
VEN-083,"[""费用·可选额外"", ""战力·增强单体"", ""战力·增强本回合"", ""伤害·等同战力""]"
VEN-084,"[""强化·强化"", ""强化·已强化奖励"", ""战力·增强单体"", ""战力·永久成长"", ""保护·抵挡伤害""]"
VEN-085,"[""干扰·展示手牌"", ""干扰·弃对手手牌""]"
VEN-086,"[""强化·强化"", ""强化·已强化奖励"", ""战力·增强单体"", ""战力·增强本回合""]"
VEN-087,"[""强化·强化"", ""主动·横置技能"", ""强化·解除强化"", ""主动·支付费用技能"", ""衍生·单位""]"
VEN-088,"[""状态·激活"", ""战力·增强本回合"", ""战力·条件加成"", ""移动·单位""]"
VEN-089,"[""牌库·查看"", ""牌库·放逐"", ""费用·减费"", ""牌库·放回"", ""强化·强化""]"
VEN-090,"[""摧毁·单位""]"
VEN-091,"[""状态·以活跃进场"", ""触发·进攻"", ""移动·敌方"", ""互动·召回基地""]"
VEN-092,"[""主动·支付费用技能"", ""战力·增强单体"", ""战力·增强本回合"", ""强化·强化"", ""强化·已强化奖励"", ""移动·单位""]"
VEN-093,"[""强化·强化"", ""强化·已强化奖励"", ""战力·增强单体"", ""战力·永久成长"", ""移动·单位""]"
VEN-094,"[""触发·弃置"", ""费用·可选额外"", ""战力·增强单体"", ""战力·增强本回合""]"
VEN-095,"[""触发·移动"", ""费用·可选额外"", ""牌库·燃烧"", ""战力·增强单体"", ""战力·增强本回合""]"
VEN-096,"[""费用·条件减费""]"
VEN-097,"[""战力·条件加成"", ""战力·永久成长""]"
VEN-098,"[""持续·光环常驻"", ""费用·减费""]"
VEN-099,"[""触发·进场"", ""强化·强化"", ""触发·回合结束"", ""强化·解除强化""]"
VEN-100,"[""衍生·单位"", ""特性·属性联动"", ""牌库·打出"", ""费用·可选额外"", ""牌库·放逐""]"
VEN-101,"[""费用·可选额外"", ""触发·进场"", ""牌库·放逐"", ""战力·增强单体"", ""战力·增强本回合""]"
VEN-102,"[""触发·打出"", ""牌库·放逐""]"
VEN-103,"[""牌库·回收""]"
VEN-104,"[""强化·强化"", ""强化·已强化奖励"", ""牌库·打出"", ""费用·免费打出""]"
VEN-105,"[""移动·单位"", ""牌库·打出"", ""费用·可选额外"", ""牌库·放逐""]"
VEN-106,"[""牌库·放逐"", ""互动·返回手牌""]"
VEN-107,"[""互动·返回手牌""]"
VEN-108,"[""触发·进场"", ""触发·回合开始"", ""牌库·燃烧"", ""战力·增强单体"", ""战力·增强本回合""]"
VEN-109,"[""触发·进场"", ""衍生·单位"", ""特性·属性联动"", ""战力·条件加成"", ""战力·永久成长""]"
VEN-110,"[""强化·强化"", ""牌库·弃牌"", ""强化·已强化奖励"", ""牌库·放逐""]"
VEN-111,"[""触发·移动"", ""牌库·弃牌"", ""牌库·抽牌""]"
VEN-112,"[""触发·征服"", ""衍生·单位"", ""主动·支付费用技能"", ""移动·换位""]"
VEN-113,"[""触发·进场"", ""牌库·燃烧"", ""触发·征服"", ""费用·可选额外""]"
VEN-114,"[""强化·强化"", ""强化·已强化奖励"", ""牌库·燃烧"", ""牌库·打出"", ""费用·免费打出""]"
VEN-115,"[""位置·开放战场"", ""触发·进场"", ""互动·返回手牌"", ""特性·属性联动""]"
VEN-116,"[""战力·调整"", ""战力·增强本回合"", ""牌库·打出"", ""费用·可选额外"", ""牌库·放逐""]"
VEN-117,"[""战力·条件加成""]"
VEN-118,[]
VEN-119,"[""费用·条件减费""]"
VEN-120,"[""费用·可选额外"", ""触发·进场"", ""状态·眩晕""]"
VEN-121,"[""触发·打出"", ""战力·增强单体"", ""战力·增强本回合""]"
VEN-122,"[""强化·强化"", ""强化·已强化奖励"", ""战力·增强单体"", ""战力·永久成长""]"
VEN-123,[]
VEN-124,"[""强化·强化"", ""摧毁·单位"", ""强化·已强化奖励"", ""战力·增强单体"", ""战力·永久成长""]"
VEN-125,"[""主动·支付费用技能"", ""状态·激活"", ""战力·增强单体"", ""战力·增强本回合"", ""频率·每回合限一次""]"
VEN-126,"[""保护·抵挡伤害""]"
VEN-127,"[""强化·解除强化"", ""摧毁·单位"", ""牌库·打出"", ""费用·可选额外"", ""牌库·放逐""]"
VEN-128,"[""强化·强化"", ""强化·已强化奖励"", ""触发·摧毁"", ""衍生·单位""]"
VEN-129,"[""持续·光环常驻"", ""限制·行动禁止""]"
VEN-130,"[""强化·强化"", ""强化·已强化奖励"", ""持续·光环常驻"", ""战力·增强群体""]"
VEN-131,"[""摧毁·单位"", ""摧毁·装备""]"
VEN-132,"[""触发·进场"", ""持续·光环常驻"", ""限制·行动禁止""]"
VEN-133,"[""强化·强化"", ""强化·解除强化"", ""主动·横置技能"", ""互动·夺控"", ""互动·召回基地"", ""触发·回合结束"", ""摧毁·装备"", ""伤害·群体""]"
VEN-134,"[""强化·强化"", ""强化·已强化奖励"", ""战力·条件加成"", ""战力·永久成长"", ""移动·单位""]"
VEN-135,"[""触发·进场"", ""触发·进攻"", ""费用·可选额外"", ""状态·眩晕"", ""战力·条件加成""]"
VEN-136,"[""强化·强化"", ""强化·已强化奖励"", ""战力·条件加成"", ""触发·进攻"", ""摧毁·单位""]"
VEN-137,"[""复制·效果技能""]"
VEN-138,"[""触发·据守""]"
VEN-139,"[""强化·强化"", ""主动·横置技能"", ""移动·单位"", ""互动·召回基地"", ""强化·已强化奖励"", ""状态·激活""]"
VEN-140,"[""伤害·单体"", ""移动·单位"", ""牌库·打出"", ""费用·可选额外"", ""牌库·放逐""]"
VEN-141,"[""主动·横置技能"", ""主动·支付费用技能"", ""资源·获得费用""]"
VEN-142,"[""战力·调整"", ""战力·增强本回合"", ""费用·可选额外""]"
VEN-143,"[""牌库·放逐"", ""强化·强化"", ""强化·解除强化"", ""主动·横置技能"", ""牌库·弃牌"", ""牌库·抽牌""]"
VEN-144,"[""牌库·燃烧"", ""衍生·单位"", ""牌库·打出"", ""费用·可选额外"", ""牌库·放逐""]"
VEN-145,"[""触发·打出"", ""状态·休眠化"", ""符文·激活""]"
VEN-146,"[""伤害·单体"", ""符文·数量条件"", ""触发·摧毁"", ""符文·召出""]"
VEN-147,"[""主动·横置技能"", ""战力·增强单体"", ""战力·增强本回合""]"
VEN-148,"[""移动·敌方"", ""战力·增强单体"", ""战力·增强本回合"", ""牌库·打出"", ""费用·可选额外"", ""牌库·放逐""]"
VEN-149,"[""强化·强化"", ""主动·横置技能"", ""主动·支付费用技能"", ""状态·激活"", ""强化·已强化奖励""]"
VEN-150,"[""状态·激活"", ""符文·激活""]"
VEN-151,"[""强化·强化"", ""强化·解除强化"", ""主动·横置技能"", ""战力·削弱""]"
VEN-152,"[""反制·无效化法术"", ""费用·可选额外"", ""互动·夺控""]"
VEN-153,"[""强化·强化"", ""强化·解除强化"", ""主动·横置技能"", ""主动·支付费用技能"", ""状态·激活""]"
VEN-154,"[""摧毁·单位"", ""牌库·打出"", ""费用·可选额外"", ""牌库·放逐""]"
VEN-155,"[""触发·打出"", ""强化·强化"", ""强化·解除强化"", ""主动·横置技能"", ""战力·增强单体"", ""战力·增强本回合""]"
VEN-156,"[""牌库·查看"", ""牌库·抽牌"", ""牌库·燃烧"", ""牌库·打出"", ""费用·可选额外"", ""牌库·放逐""]"
VEN-157,"[""费用·可选额外"", ""特性·属性联动"", ""位置·开放战场""]"
VEN-158,"[""持续·光环常驻""]"
VEN-159,"[""持续·光环常驻"", ""战力·增强群体"", ""战力·条件加成""]"
VEN-160,"[""持续·光环常驻"", ""费用·加费""]"
VEN-161,"[""持续·光环常驻"", ""费用·减费"", ""频率·每回合限一次""]"
VEN-162,"[""触发·征服"", ""符文·数量条件"", ""费用·可选额外"", ""牌库·抽牌""]"
VEN-163,"[""持续·光环常驻"", ""费用·减费""]"
VEN-164,"[""持续·光环常驻"", ""费用·减费"", ""触发·被选为目标""]"
VEN-165,"[""触发·据守"", ""牌库·燃烧""]"
VEN-166,"[""触发·战斗"", ""资源·获得费用""]"
VEN-T02,"[""主动·横置技能"", ""资源·获得费用"", ""摧毁·装备""]"
VEN-T05,"[""触发·进攻"", ""费用·可选额外"", ""牌库·放逐"", ""战力·增强单体"", ""战力·增强本回合""]"
